split_type,fold,train_loss,test_loss
split_by_vacancies,0,1.0438562056436151,1.0577435131150639
split_by_vacancies,1,1.0561670087985977,1.00661214203131
split_by_vacancies,2,1.0192645037941255,1.0685998214068966
split_by_vacancies,3,1.0295771347956897,1.1192754716486544
split_by_vacancies,4,1.0570610252710488,1.0051249954524457
