split_type,fold,train_loss,test_loss
split_by_vacancies,0,0.305839523056732,0.47129014170800654
split_by_vacancies,1,0.32483408738826886,0.46317815983881716
split_by_vacancies,2,0.3163851929414049,0.4021759820127297
split_by_vacancies,3,0.3157418870103839,0.4740515585686709
split_by_vacancies,4,0.31838645601152976,0.42421579848999946
